﻿Fund Name,P1,P2,P3,P4,P5,Topsis Score,Rank
M1,0.69,0.48,6.5,35.7,10.84,0.44979351738764367,5
M2,0.66,0.44,3.5,51.8,14.1,0.36080695342434616,7
M3,0.6,0.36,6.7,54.5,15.54,0.5133295211860583,4
M4,0.6,0.36,4.7,35.9,10.39,0.19708581073259132,8
M5,0.87,0.76,6.6,48.0,14.06,0.8568932860898003,1
M6,0.7,0.49,3.3,52.4,14.22,0.39967694560154643,6
M7,0.83,0.69,5.9,34.7,10.53,0.5750097582136968,3
M8,0.86,0.74,5.6,53.0,15.05,0.829429876242497,2
